event_date,event_type,release_time_et,kind,published_on,published_basis,published_source,withdrawn_on,held,reference_period,source,notes
2022-01-07,NFP,08:30,scheduled,2021-12-03,prior_release_notice,https://web.archive.org/web/20260819193635id_/https://www.bls.gov/news.release/archives/empsit_12032021.htm,,true,2021-12,https://web.archive.org/web/20260819193758id_/https://www.bls.gov/news.release/archives/empsit_01072022.htm,
2022-01-12,CPI,08:30,scheduled,2021-12-10,prior_release_notice,https://web.archive.org/web/20260821140602id_/https://www.bls.gov/news.release/archives/cpi_12102021.htm,,true,2021-12,https://web.archive.org/web/20260819193325id_/https://www.bls.gov/news.release/archives/cpi_01122022.htm,
2022-01-21,OPEX,,scheduled,2021-05-31,rule,https://web.archive.org/web/20210531122307id_/https://www.nyse.com/markets/hours-calendars,,true,,"Standard monthly expiration: third Friday, or the preceding business day if that Friday is an exchange holiday (OCC/Cboe)",
2022-01-26,FOMC,14:00,scheduled,2021-06-04,press_release,https://www.federalreserve.gov/newsevents/pressreleases/monetary20210604a.htm,,true,,https://www.federalreserve.gov/monetarypolicy/fomccalendars.htm,
2022-01-28,PCE,08:30,scheduled,2021-12-23,prior_release_notice,https://www.bea.gov/news/2021/personal-income-and-outlays-november-2021,,true,2021-12,https://www.bea.gov/news/2022/personal-income-and-outlays-december-2021,
2022-02-04,NFP,08:30,scheduled,2022-01-07,prior_release_notice,https://web.archive.org/web/20260819193758id_/https://www.bls.gov/news.release/archives/empsit_01072022.htm,,true,2022-01,https://web.archive.org/web/20260819193747id_/https://www.bls.gov/news.release/archives/empsit_02042022.htm,
2022-02-10,CPI,08:30,scheduled,2022-01-12,prior_release_notice,https://web.archive.org/web/20260819193325id_/https://www.bls.gov/news.release/archives/cpi_01122022.htm,,true,2022-01,https://web.archive.org/web/20260819194746id_/https://www.bls.gov/news.release/archives/cpi_02102022.htm,
2022-02-18,OPEX,,scheduled,2021-05-31,rule,https://web.archive.org/web/20210531122307id_/https://www.nyse.com/markets/hours-calendars,,true,,"Standard monthly expiration: third Friday, or the preceding business day if that Friday is an exchange holiday (OCC/Cboe)",
2022-02-25,PCE,08:30,scheduled,2022-01-28,prior_release_notice,https://www.bea.gov/news/2022/personal-income-and-outlays-december-2021,,true,2022-01,https://www.bea.gov/news/2022/personal-income-and-outlays-january-2022,
2022-03-04,NFP,08:30,scheduled,2022-02-04,prior_release_notice,https://web.archive.org/web/20260819193747id_/https://www.bls.gov/news.release/archives/empsit_02042022.htm,,true,2022-02,https://web.archive.org/web/20260819193914id_/https://www.bls.gov/news.release/archives/empsit_03042022.htm,
2022-03-10,CPI,08:30,scheduled,2022-02-10,prior_release_notice,https://web.archive.org/web/20260819194746id_/https://www.bls.gov/news.release/archives/cpi_02102022.htm,,true,2022-02,https://web.archive.org/web/20260819194811id_/https://www.bls.gov/news.release/archives/cpi_03102022.htm,
2022-03-16,FOMC,14:00,scheduled,2021-06-04,press_release,https://www.federalreserve.gov/newsevents/pressreleases/monetary20210604a.htm,,true,,https://www.federalreserve.gov/monetarypolicy/fomccalendars.htm,SEP meeting
2022-03-18,OPEX,,scheduled,2021-05-31,rule,https://web.archive.org/web/20210531122307id_/https://www.nyse.com/markets/hours-calendars,,true,,"Standard monthly expiration: third Friday, or the preceding business day if that Friday is an exchange holiday (OCC/Cboe)",quarterly; 
2022-03-31,PCE,08:30,scheduled,2022-02-25,prior_release_notice,https://www.bea.gov/news/2022/personal-income-and-outlays-january-2022,,true,2022-02,https://www.bea.gov/news/2022/personal-income-and-outlays-february-2022,
2022-03-31,QUARTER_END,,scheduled,2021-05-31,rule,https://web.archive.org/web/20210531122307id_/https://www.nyse.com/markets/hours-calendars,,true,,Last NYSE session of the calendar quarter,
2022-04-01,NFP,08:30,scheduled,2022-03-04,prior_release_notice,https://web.archive.org/web/20260819193914id_/https://www.bls.gov/news.release/archives/empsit_03042022.htm,,true,2022-03,https://web.archive.org/web/20260819193614id_/https://www.bls.gov/news.release/archives/empsit_04012022.htm,
2022-04-12,CPI,08:30,scheduled,2022-03-10,prior_release_notice,https://web.archive.org/web/20260819194811id_/https://www.bls.gov/news.release/archives/cpi_03102022.htm,,true,2022-03,https://web.archive.org/web/20260819194712id_/https://www.bls.gov/news.release/archives/cpi_04122022.htm,
2022-04-14,OPEX,,scheduled,2021-05-31,rule,https://web.archive.org/web/20210531122307id_/https://www.nyse.com/markets/hours-calendars,,true,,"Standard monthly expiration: third Friday, or the preceding business day if that Friday is an exchange holiday (OCC/Cboe)",third Friday 2022-04-15 is an exchange holiday
2022-04-29,PCE,08:30,scheduled,2022-03-31,prior_release_notice,https://www.bea.gov/news/2022/personal-income-and-outlays-february-2022,,true,2022-03,https://www.bea.gov/news/2022/personal-income-and-outlays-march-2022,
2022-05-04,FOMC,14:00,scheduled,2021-06-04,press_release,https://www.federalreserve.gov/newsevents/pressreleases/monetary20210604a.htm,,true,,https://www.federalreserve.gov/monetarypolicy/fomccalendars.htm,
2022-05-06,NFP,08:30,scheduled,2022-04-01,prior_release_notice,https://web.archive.org/web/20260819193614id_/https://www.bls.gov/news.release/archives/empsit_04012022.htm,,true,2022-04,https://web.archive.org/web/20260819193852id_/https://www.bls.gov/news.release/archives/empsit_05062022.htm,
2022-05-11,CPI,08:30,scheduled,2022-04-12,prior_release_notice,https://web.archive.org/web/20260819194712id_/https://www.bls.gov/news.release/archives/cpi_04122022.htm,,true,2022-04,https://web.archive.org/web/20260819194808id_/https://www.bls.gov/news.release/archives/cpi_05112022.htm,
2022-05-20,OPEX,,scheduled,2021-05-31,rule,https://web.archive.org/web/20210531122307id_/https://www.nyse.com/markets/hours-calendars,,true,,"Standard monthly expiration: third Friday, or the preceding business day if that Friday is an exchange holiday (OCC/Cboe)",
2022-05-27,PCE,08:30,scheduled,2022-04-29,prior_release_notice,https://www.bea.gov/news/2022/personal-income-and-outlays-march-2022,,true,2022-04,https://www.bea.gov/news/2022/personal-income-and-outlays-april-2022,
2022-06-03,NFP,08:30,scheduled,2022-05-06,prior_release_notice,https://web.archive.org/web/20260819193852id_/https://www.bls.gov/news.release/archives/empsit_05062022.htm,,true,2022-05,https://web.archive.org/web/20260819193805id_/https://www.bls.gov/news.release/archives/empsit_06032022.htm,
2022-06-10,CPI,08:30,scheduled,2022-05-11,prior_release_notice,https://web.archive.org/web/20260819194808id_/https://www.bls.gov/news.release/archives/cpi_05112022.htm,,true,2022-05,https://web.archive.org/web/20260819194658id_/https://www.bls.gov/news.release/archives/cpi_06102022.htm,
2022-06-15,FOMC,14:00,scheduled,2021-06-04,press_release,https://www.federalreserve.gov/newsevents/pressreleases/monetary20210604a.htm,,true,,https://www.federalreserve.gov/monetarypolicy/fomccalendars.htm,SEP meeting
2022-06-17,OPEX,,scheduled,2021-05-31,rule,https://web.archive.org/web/20210531122307id_/https://www.nyse.com/markets/hours-calendars,,true,,"Standard monthly expiration: third Friday, or the preceding business day if that Friday is an exchange holiday (OCC/Cboe)",quarterly; 
2022-06-30,PCE,08:30,scheduled,2022-05-27,prior_release_notice,https://www.bea.gov/news/2022/personal-income-and-outlays-april-2022,,true,2022-05,https://www.bea.gov/news/2022/personal-income-and-outlays-may-2022,
2022-06-30,QUARTER_END,,scheduled,2021-05-31,rule,https://web.archive.org/web/20210531122307id_/https://www.nyse.com/markets/hours-calendars,,true,,Last NYSE session of the calendar quarter,
2022-07-08,NFP,08:30,scheduled,2022-06-03,prior_release_notice,https://web.archive.org/web/20260819193805id_/https://www.bls.gov/news.release/archives/empsit_06032022.htm,,true,2022-06,https://web.archive.org/web/20260819193856id_/https://www.bls.gov/news.release/archives/empsit_07082022.htm,
2022-07-13,CPI,08:30,scheduled,2022-06-10,prior_release_notice,https://web.archive.org/web/20260819194658id_/https://www.bls.gov/news.release/archives/cpi_06102022.htm,,true,2022-06,https://web.archive.org/web/20260918062334id_/https://www.bls.gov/news.release/archives/cpi_07132022.htm,
2022-07-15,OPEX,,scheduled,2021-05-31,rule,https://web.archive.org/web/20210531122307id_/https://www.nyse.com/markets/hours-calendars,,true,,"Standard monthly expiration: third Friday, or the preceding business day if that Friday is an exchange holiday (OCC/Cboe)",
2022-07-27,FOMC,14:00,scheduled,2021-06-04,press_release,https://www.federalreserve.gov/newsevents/pressreleases/monetary20210604a.htm,,true,,https://www.federalreserve.gov/monetarypolicy/fomccalendars.htm,
2022-07-29,PCE,08:30,scheduled,2022-06-30,prior_release_notice,https://www.bea.gov/news/2022/personal-income-and-outlays-may-2022,,true,2022-06,https://www.bea.gov/news/2022/personal-income-and-outlays-june-2022,
2022-08-05,NFP,08:30,scheduled,2022-07-08,prior_release_notice,https://web.archive.org/web/20260819193856id_/https://www.bls.gov/news.release/archives/empsit_07082022.htm,,true,2022-07,https://web.archive.org/web/20260819193757id_/https://www.bls.gov/news.release/archives/empsit_08052022.htm,
2022-08-10,CPI,08:30,scheduled,2022-07-13,prior_release_notice,https://web.archive.org/web/20260918062334id_/https://www.bls.gov/news.release/archives/cpi_07132022.htm,,true,2022-07,https://web.archive.org/web/20260819194718id_/https://www.bls.gov/news.release/archives/cpi_08102022.htm,
2022-08-19,OPEX,,scheduled,2021-05-31,rule,https://web.archive.org/web/20210531122307id_/https://www.nyse.com/markets/hours-calendars,,true,,"Standard monthly expiration: third Friday, or the preceding business day if that Friday is an exchange holiday (OCC/Cboe)",
2022-08-26,PCE,08:30,scheduled,2022-07-29,prior_release_notice,https://www.bea.gov/news/2022/personal-income-and-outlays-june-2022,,true,2022-07,https://www.bea.gov/news/2022/personal-income-and-outlays-july-2022,
2022-09-02,NFP,08:30,scheduled,2022-08-05,prior_release_notice,https://web.archive.org/web/20260819193757id_/https://www.bls.gov/news.release/archives/empsit_08052022.htm,,true,2022-08,https://web.archive.org/web/20260819193718id_/https://www.bls.gov/news.release/archives/empsit_09022022.htm,
2022-09-13,CPI,08:30,scheduled,2022-08-10,prior_release_notice,https://web.archive.org/web/20260819194718id_/https://www.bls.gov/news.release/archives/cpi_08102022.htm,,true,2022-08,https://web.archive.org/web/20260819194734id_/https://www.bls.gov/news.release/archives/cpi_09132022.htm,
2022-09-16,OPEX,,scheduled,2021-05-31,rule,https://web.archive.org/web/20210531122307id_/https://www.nyse.com/markets/hours-calendars,,true,,"Standard monthly expiration: third Friday, or the preceding business day if that Friday is an exchange holiday (OCC/Cboe)",quarterly; 
2022-09-21,FOMC,14:00,scheduled,2021-06-04,press_release,https://www.federalreserve.gov/newsevents/pressreleases/monetary20210604a.htm,,true,,https://www.federalreserve.gov/monetarypolicy/fomccalendars.htm,SEP meeting
2022-09-30,PCE,08:30,scheduled,2022-08-26,prior_release_notice,https://www.bea.gov/news/2022/personal-income-and-outlays-july-2022,,true,2022-08,https://www.bea.gov/news/2022/personal-income-and-outlays-august-2022-and-annual-update,
2022-09-30,QUARTER_END,,scheduled,2021-05-31,rule,https://web.archive.org/web/20210531122307id_/https://www.nyse.com/markets/hours-calendars,,true,,Last NYSE session of the calendar quarter,
2022-10-07,NFP,08:30,scheduled,2022-09-02,prior_release_notice,https://web.archive.org/web/20260819193718id_/https://www.bls.gov/news.release/archives/empsit_09022022.htm,,true,2022-09,https://web.archive.org/web/20260819193717id_/https://www.bls.gov/news.release/archives/empsit_10072022.htm,
2022-10-13,CPI,08:30,scheduled,2022-09-13,prior_release_notice,https://web.archive.org/web/20260819194734id_/https://www.bls.gov/news.release/archives/cpi_09132022.htm,,true,2022-09,https://web.archive.org/web/20260918172558id_/https://www.bls.gov/news.release/archives/cpi_10132022.htm,
2022-10-21,OPEX,,scheduled,2021-05-31,rule,https://web.archive.org/web/20210531122307id_/https://www.nyse.com/markets/hours-calendars,,true,,"Standard monthly expiration: third Friday, or the preceding business day if that Friday is an exchange holiday (OCC/Cboe)",
2022-10-28,PCE,08:30,scheduled,2022-09-30,prior_release_notice,https://www.bea.gov/news/2022/personal-income-and-outlays-august-2022-and-annual-update,,true,2022-09,https://www.bea.gov/news/2022/personal-income-and-outlays-september-2022,
2022-11-02,FOMC,14:00,scheduled,2021-06-04,press_release,https://www.federalreserve.gov/newsevents/pressreleases/monetary20210604a.htm,,true,,https://www.federalreserve.gov/monetarypolicy/fomccalendars.htm,
2022-11-04,NFP,08:30,scheduled,2022-10-07,prior_release_notice,https://web.archive.org/web/20260819193717id_/https://www.bls.gov/news.release/archives/empsit_10072022.htm,,true,2022-10,https://web.archive.org/web/20260819193926id_/https://www.bls.gov/news.release/archives/empsit_11042022.htm,
2022-11-10,CPI,08:30,scheduled,2022-10-13,prior_release_notice,https://web.archive.org/web/20260918172558id_/https://www.bls.gov/news.release/archives/cpi_10132022.htm,,true,2022-10,https://web.archive.org/web/20260908224523id_/https://www.bls.gov/news.release/archives/cpi_11102022.htm,
2022-11-18,OPEX,,scheduled,2021-05-31,rule,https://web.archive.org/web/20210531122307id_/https://www.nyse.com/markets/hours-calendars,,true,,"Standard monthly expiration: third Friday, or the preceding business day if that Friday is an exchange holiday (OCC/Cboe)",
2022-11-25,EARLY_CLOSE,13:00,scheduled,2021-05-31,schedule_doc,https://web.archive.org/web/20210531122307id_/https://www.nyse.com/markets/hours-calendars,,true,,https://web.archive.org/web/20210531122307id_/https://www.nyse.com/markets/hours-calendars,1:00 p.m. ET close (1:15 p.m. for eligible options)
2022-12-01,PCE,08:30,scheduled,2022-10-28,prior_release_notice,https://www.bea.gov/news/2022/personal-income-and-outlays-september-2022,,true,2022-10,https://www.bea.gov/news/2022/personal-income-and-outlays-october-2022,
2022-12-02,NFP,08:30,scheduled,2022-11-04,prior_release_notice,https://web.archive.org/web/20260819193926id_/https://www.bls.gov/news.release/archives/empsit_11042022.htm,,true,2022-11,https://web.archive.org/web/20260819193617id_/https://www.bls.gov/news.release/archives/empsit_12022022.htm,
2022-12-13,CPI,08:30,scheduled,2022-11-10,prior_release_notice,https://web.archive.org/web/20260908224523id_/https://www.bls.gov/news.release/archives/cpi_11102022.htm,,true,2022-11,https://web.archive.org/web/20260819194804id_/https://www.bls.gov/news.release/archives/cpi_12132022.htm,
2022-12-14,FOMC,14:00,scheduled,2021-06-04,press_release,https://www.federalreserve.gov/newsevents/pressreleases/monetary20210604a.htm,,true,,https://www.federalreserve.gov/monetarypolicy/fomccalendars.htm,SEP meeting
2022-12-16,OPEX,,scheduled,2021-05-31,rule,https://web.archive.org/web/20210531122307id_/https://www.nyse.com/markets/hours-calendars,,true,,"Standard monthly expiration: third Friday, or the preceding business day if that Friday is an exchange holiday (OCC/Cboe)",quarterly; 
2022-12-23,PCE,08:30,scheduled,2022-12-01,prior_release_notice,https://www.bea.gov/news/2022/personal-income-and-outlays-october-2022,,true,2022-11,https://www.bea.gov/news/2022/personal-income-and-outlays-november-2022,
2022-12-30,QUARTER_END,,scheduled,2021-05-31,rule,https://web.archive.org/web/20210531122307id_/https://www.nyse.com/markets/hours-calendars,,true,,Last NYSE session of the calendar quarter,
2023-01-06,NFP,08:30,scheduled,2022-12-02,prior_release_notice,https://web.archive.org/web/20260819193617id_/https://www.bls.gov/news.release/archives/empsit_12022022.htm,,true,2022-12,https://web.archive.org/web/20260819193734id_/https://www.bls.gov/news.release/archives/empsit_01062023.htm,
2023-01-12,CPI,08:30,scheduled,2022-12-13,prior_release_notice,https://web.archive.org/web/20260819194804id_/https://www.bls.gov/news.release/archives/cpi_12132022.htm,,true,2022-12,https://web.archive.org/web/20260819194813id_/https://www.bls.gov/news.release/archives/cpi_01122023.htm,
2023-01-20,OPEX,,scheduled,2021-05-31,rule,https://web.archive.org/web/20210531122307id_/https://www.nyse.com/markets/hours-calendars,,true,,"Standard monthly expiration: third Friday, or the preceding business day if that Friday is an exchange holiday (OCC/Cboe)",
2023-01-27,PCE,08:30,scheduled,2022-12-23,prior_release_notice,https://www.bea.gov/news/2022/personal-income-and-outlays-november-2022,,true,2022-12,https://www.bea.gov/news/2023/personal-income-and-outlays-december-2022,
2023-02-01,FOMC,14:00,scheduled,2022-06-24,press_release,https://www.federalreserve.gov/newsevents/pressreleases/monetary20220624a.htm,,true,,https://www.federalreserve.gov/monetarypolicy/fomccalendars.htm,
2023-02-03,NFP,08:30,scheduled,2023-01-06,prior_release_notice,https://web.archive.org/web/20260819193734id_/https://www.bls.gov/news.release/archives/empsit_01062023.htm,,true,2023-01,https://web.archive.org/web/20260819193759id_/https://www.bls.gov/news.release/archives/empsit_02032023.htm,
2023-02-14,CPI,08:30,scheduled,2023-01-12,prior_release_notice,https://web.archive.org/web/20260819194813id_/https://www.bls.gov/news.release/archives/cpi_01122023.htm,,true,2023-01,https://web.archive.org/web/20260819194814id_/https://www.bls.gov/news.release/archives/cpi_02142023.htm,
2023-02-17,OPEX,,scheduled,2021-05-31,rule,https://web.archive.org/web/20210531122307id_/https://www.nyse.com/markets/hours-calendars,,true,,"Standard monthly expiration: third Friday, or the preceding business day if that Friday is an exchange holiday (OCC/Cboe)",
2023-02-24,PCE,08:30,scheduled,2023-01-27,prior_release_notice,https://www.bea.gov/news/2023/personal-income-and-outlays-december-2022,,true,2023-01,https://www.bea.gov/news/2023/personal-income-and-outlays-january-2023,
2023-03-10,NFP,08:30,scheduled,2023-02-03,prior_release_notice,https://web.archive.org/web/20260819193759id_/https://www.bls.gov/news.release/archives/empsit_02032023.htm,,true,2023-02,https://web.archive.org/web/20260904225750id_/https://www.bls.gov/news.release/archives/empsit_03102023.htm,
2023-03-14,CPI,08:30,scheduled,2023-02-14,prior_release_notice,https://web.archive.org/web/20260819194814id_/https://www.bls.gov/news.release/archives/cpi_02142023.htm,,true,2023-02,https://web.archive.org/web/20260819194655id_/https://www.bls.gov/news.release/archives/cpi_03142023.htm,
2023-03-17,OPEX,,scheduled,2021-05-31,rule,https://web.archive.org/web/20210531122307id_/https://www.nyse.com/markets/hours-calendars,,true,,"Standard monthly expiration: third Friday, or the preceding business day if that Friday is an exchange holiday (OCC/Cboe)",quarterly; 
2023-03-22,FOMC,14:00,scheduled,2022-06-24,press_release,https://www.federalreserve.gov/newsevents/pressreleases/monetary20220624a.htm,,true,,https://www.federalreserve.gov/monetarypolicy/fomccalendars.htm,SEP meeting
2023-03-31,PCE,08:30,scheduled,2023-02-24,prior_release_notice,https://www.bea.gov/news/2023/personal-income-and-outlays-january-2023,,true,2023-02,https://www.bea.gov/news/2023/personal-income-and-outlays-february-2023,
2023-03-31,QUARTER_END,,scheduled,2021-05-31,rule,https://web.archive.org/web/20210531122307id_/https://www.nyse.com/markets/hours-calendars,,true,,Last NYSE session of the calendar quarter,
2023-04-07,NFP,08:30,scheduled,2023-03-10,prior_release_notice,https://web.archive.org/web/20260904225750id_/https://www.bls.gov/news.release/archives/empsit_03102023.htm,,true,2023-03,https://web.archive.org/web/20260819193732id_/https://www.bls.gov/news.release/archives/empsit_04072023.htm,
2023-04-12,CPI,08:30,scheduled,2023-03-14,prior_release_notice,https://web.archive.org/web/20260819194655id_/https://www.bls.gov/news.release/archives/cpi_03142023.htm,,true,2023-03,https://web.archive.org/web/20260821234957id_/https://www.bls.gov/news.release/archives/cpi_04122023.htm,
2023-04-21,OPEX,,scheduled,2021-05-31,rule,https://web.archive.org/web/20210531122307id_/https://www.nyse.com/markets/hours-calendars,,true,,"Standard monthly expiration: third Friday, or the preceding business day if that Friday is an exchange holiday (OCC/Cboe)",
2023-04-28,PCE,08:30,scheduled,2023-03-31,prior_release_notice,https://www.bea.gov/news/2023/personal-income-and-outlays-february-2023,,true,2023-03,https://www.bea.gov/news/2023/personal-income-and-outlays-march-2023,
2023-05-03,FOMC,14:00,scheduled,2022-06-24,press_release,https://www.federalreserve.gov/newsevents/pressreleases/monetary20220624a.htm,,true,,https://www.federalreserve.gov/monetarypolicy/fomccalendars.htm,
2023-05-05,NFP,08:30,scheduled,2023-04-07,prior_release_notice,https://web.archive.org/web/20260819193732id_/https://www.bls.gov/news.release/archives/empsit_04072023.htm,,true,2023-04,https://web.archive.org/web/20260819193705id_/https://www.bls.gov/news.release/archives/empsit_05052023.htm,
2023-05-10,CPI,08:30,scheduled,2023-04-12,prior_release_notice,https://web.archive.org/web/20260821234957id_/https://www.bls.gov/news.release/archives/cpi_04122023.htm,,true,2023-04,https://web.archive.org/web/20260819194652id_/https://www.bls.gov/news.release/archives/cpi_05102023.htm,
2023-05-19,OPEX,,scheduled,2021-05-31,rule,https://web.archive.org/web/20210531122307id_/https://www.nyse.com/markets/hours-calendars,,true,,"Standard monthly expiration: third Friday, or the preceding business day if that Friday is an exchange holiday (OCC/Cboe)",
2023-05-26,PCE,08:30,scheduled,2023-04-28,prior_release_notice,https://www.bea.gov/news/2023/personal-income-and-outlays-march-2023,,true,2023-04,https://www.bea.gov/news/2023/personal-income-and-outlays-april-2023,
2023-06-02,NFP,08:30,scheduled,2023-05-05,prior_release_notice,https://web.archive.org/web/20260819193705id_/https://www.bls.gov/news.release/archives/empsit_05052023.htm,,true,2023-05,https://web.archive.org/web/20260819193559id_/https://www.bls.gov/news.release/archives/empsit_06022023.htm,
2023-06-13,CPI,08:30,scheduled,2023-05-10,prior_release_notice,https://web.archive.org/web/20260819194652id_/https://www.bls.gov/news.release/archives/cpi_05102023.htm,,true,2023-05,https://web.archive.org/web/20260819194557id_/https://www.bls.gov/news.release/archives/cpi_06132023.htm,
2023-06-14,FOMC,14:00,scheduled,2022-06-24,press_release,https://www.federalreserve.gov/newsevents/pressreleases/monetary20220624a.htm,,true,,https://www.federalreserve.gov/monetarypolicy/fomccalendars.htm,SEP meeting
2023-06-16,OPEX,,scheduled,2021-05-31,rule,https://web.archive.org/web/20210531122307id_/https://www.nyse.com/markets/hours-calendars,,true,,"Standard monthly expiration: third Friday, or the preceding business day if that Friday is an exchange holiday (OCC/Cboe)",quarterly; 
2023-06-30,PCE,08:30,scheduled,2023-05-26,prior_release_notice,https://www.bea.gov/news/2023/personal-income-and-outlays-april-2023,,true,2023-05,https://www.bea.gov/news/2023/personal-income-and-outlays-may-2023,
2023-06-30,QUARTER_END,,scheduled,2021-05-31,rule,https://web.archive.org/web/20210531122307id_/https://www.nyse.com/markets/hours-calendars,,true,,Last NYSE session of the calendar quarter,
2023-07-03,EARLY_CLOSE,13:00,scheduled,2021-05-31,schedule_doc,https://web.archive.org/web/20210531122307id_/https://www.nyse.com/markets/hours-calendars,,true,,https://web.archive.org/web/20210531122307id_/https://www.nyse.com/markets/hours-calendars,1:00 p.m. ET close (1:15 p.m. for eligible options)
2023-07-07,NFP,08:30,scheduled,2023-06-02,prior_release_notice,https://web.archive.org/web/20260819193559id_/https://www.bls.gov/news.release/archives/empsit_06022023.htm,,true,2023-06,https://web.archive.org/web/20260819193932id_/https://www.bls.gov/news.release/archives/empsit_07072023.htm,
2023-07-12,CPI,08:30,scheduled,2023-06-13,prior_release_notice,https://web.archive.org/web/20260819194557id_/https://www.bls.gov/news.release/archives/cpi_06132023.htm,,true,2023-06,https://web.archive.org/web/20260830061311id_/https://www.bls.gov/news.release/archives/cpi_07122023.htm,
2023-07-21,OPEX,,scheduled,2021-05-31,rule,https://web.archive.org/web/20210531122307id_/https://www.nyse.com/markets/hours-calendars,,true,,"Standard monthly expiration: third Friday, or the preceding business day if that Friday is an exchange holiday (OCC/Cboe)",
2023-07-26,FOMC,14:00,scheduled,2022-06-24,press_release,https://www.federalreserve.gov/newsevents/pressreleases/monetary20220624a.htm,,true,,https://www.federalreserve.gov/monetarypolicy/fomccalendars.htm,
2023-07-28,PCE,08:30,scheduled,2023-06-30,prior_release_notice,https://www.bea.gov/news/2023/personal-income-and-outlays-may-2023,,true,2023-06,https://www.bea.gov/news/2023/personal-income-and-outlays-june-2023,
2023-08-04,NFP,08:30,scheduled,2023-07-07,prior_release_notice,https://web.archive.org/web/20260819193932id_/https://www.bls.gov/news.release/archives/empsit_07072023.htm,,true,2023-07,https://web.archive.org/web/20260819193919id_/https://www.bls.gov/news.release/archives/empsit_08042023.htm,
2023-08-10,CPI,08:30,scheduled,2023-07-12,prior_release_notice,https://web.archive.org/web/20260830061311id_/https://www.bls.gov/news.release/archives/cpi_07122023.htm,,true,2023-07,https://web.archive.org/web/20260819194654id_/https://www.bls.gov/news.release/archives/cpi_08102023.htm,
2023-08-18,OPEX,,scheduled,2021-05-31,rule,https://web.archive.org/web/20210531122307id_/https://www.nyse.com/markets/hours-calendars,,true,,"Standard monthly expiration: third Friday, or the preceding business day if that Friday is an exchange holiday (OCC/Cboe)",
2023-08-31,PCE,08:30,scheduled,2023-07-28,prior_release_notice,https://www.bea.gov/news/2023/personal-income-and-outlays-june-2023,,true,2023-07,https://www.bea.gov/news/2023/personal-income-and-outlays-july-2023,
2023-09-01,NFP,08:30,scheduled,2023-08-04,prior_release_notice,https://web.archive.org/web/20260819193919id_/https://www.bls.gov/news.release/archives/empsit_08042023.htm,,true,2023-08,https://web.archive.org/web/20260819193828id_/https://www.bls.gov/news.release/archives/empsit_09012023.htm,
2023-09-13,CPI,08:30,scheduled,2023-08-10,prior_release_notice,https://web.archive.org/web/20260819194654id_/https://www.bls.gov/news.release/archives/cpi_08102023.htm,,true,2023-08,https://web.archive.org/web/20260819194754id_/https://www.bls.gov/news.release/archives/cpi_09132023.htm,
2023-09-15,OPEX,,scheduled,2021-05-31,rule,https://web.archive.org/web/20210531122307id_/https://www.nyse.com/markets/hours-calendars,,true,,"Standard monthly expiration: third Friday, or the preceding business day if that Friday is an exchange holiday (OCC/Cboe)",quarterly; 
2023-09-20,FOMC,14:00,scheduled,2022-06-24,press_release,https://www.federalreserve.gov/newsevents/pressreleases/monetary20220624a.htm,,true,,https://www.federalreserve.gov/monetarypolicy/fomccalendars.htm,SEP meeting
2023-09-29,PCE,08:30,scheduled,2023-08-31,prior_release_notice,https://www.bea.gov/news/2023/personal-income-and-outlays-july-2023,,true,2023-08,https://www.bea.gov/news/2023/personal-income-and-outlays-august-2023,
2023-09-29,QUARTER_END,,scheduled,2021-05-31,rule,https://web.archive.org/web/20210531122307id_/https://www.nyse.com/markets/hours-calendars,,true,,Last NYSE session of the calendar quarter,
2023-10-06,NFP,08:30,scheduled,2023-09-01,prior_release_notice,https://web.archive.org/web/20260819193828id_/https://www.bls.gov/news.release/archives/empsit_09012023.htm,,true,2023-09,https://web.archive.org/web/20260827111903id_/https://www.bls.gov/news.release/archives/empsit_10062023.htm,
2023-10-12,CPI,08:30,scheduled,2023-09-13,prior_release_notice,https://web.archive.org/web/20260819194754id_/https://www.bls.gov/news.release/archives/cpi_09132023.htm,,true,2023-09,https://web.archive.org/web/20260819194602id_/https://www.bls.gov/news.release/archives/cpi_10122023.htm,
2023-10-20,OPEX,,scheduled,2021-05-31,rule,https://web.archive.org/web/20210531122307id_/https://www.nyse.com/markets/hours-calendars,,true,,"Standard monthly expiration: third Friday, or the preceding business day if that Friday is an exchange holiday (OCC/Cboe)",
2023-10-27,PCE,08:30,scheduled,2023-09-29,prior_release_notice,https://www.bea.gov/news/2023/personal-income-and-outlays-august-2023,,true,2023-09,https://www.bea.gov/news/2023/personal-income-and-outlays-september-2023,
2023-11-01,FOMC,14:00,scheduled,2022-06-24,press_release,https://www.federalreserve.gov/newsevents/pressreleases/monetary20220624a.htm,,true,,https://www.federalreserve.gov/monetarypolicy/fomccalendars.htm,
2023-11-03,NFP,08:30,scheduled,2023-10-06,prior_release_notice,https://web.archive.org/web/20260827111903id_/https://www.bls.gov/news.release/archives/empsit_10062023.htm,,true,2023-10,https://web.archive.org/web/20260819193614id_/https://www.bls.gov/news.release/archives/empsit_11032023.htm,
2023-11-14,CPI,08:30,scheduled,2023-10-12,prior_release_notice,https://web.archive.org/web/20260819194602id_/https://www.bls.gov/news.release/archives/cpi_10122023.htm,,true,2023-10,https://web.archive.org/web/20260819194637id_/https://www.bls.gov/news.release/archives/cpi_11142023.htm,
2023-11-17,OPEX,,scheduled,2021-05-31,rule,https://web.archive.org/web/20210531122307id_/https://www.nyse.com/markets/hours-calendars,,true,,"Standard monthly expiration: third Friday, or the preceding business day if that Friday is an exchange holiday (OCC/Cboe)",
2023-11-24,EARLY_CLOSE,13:00,scheduled,2021-05-31,schedule_doc,https://web.archive.org/web/20210531122307id_/https://www.nyse.com/markets/hours-calendars,,true,,https://web.archive.org/web/20210531122307id_/https://www.nyse.com/markets/hours-calendars,1:00 p.m. ET close (1:15 p.m. for eligible options)
2023-11-30,PCE,08:30,scheduled,2023-10-27,prior_release_notice,https://www.bea.gov/news/2023/personal-income-and-outlays-september-2023,,true,2023-10,https://www.bea.gov/news/2023/personal-income-and-outlays-october-2023,
2023-12-08,NFP,08:30,scheduled,2023-11-03,prior_release_notice,https://web.archive.org/web/20260819193614id_/https://www.bls.gov/news.release/archives/empsit_11032023.htm,,true,2023-11,https://web.archive.org/web/20260819193841id_/https://www.bls.gov/news.release/archives/empsit_12082023.htm,
2023-12-12,CPI,08:30,scheduled,2023-11-14,prior_release_notice,https://web.archive.org/web/20260819194637id_/https://www.bls.gov/news.release/archives/cpi_11142023.htm,,true,2023-11,https://web.archive.org/web/20260819194716id_/https://www.bls.gov/news.release/archives/cpi_12122023.htm,
2023-12-13,FOMC,14:00,scheduled,2022-06-24,press_release,https://www.federalreserve.gov/newsevents/pressreleases/monetary20220624a.htm,,true,,https://www.federalreserve.gov/monetarypolicy/fomccalendars.htm,SEP meeting
2023-12-15,OPEX,,scheduled,2021-05-31,rule,https://web.archive.org/web/20210531122307id_/https://www.nyse.com/markets/hours-calendars,,true,,"Standard monthly expiration: third Friday, or the preceding business day if that Friday is an exchange holiday (OCC/Cboe)",quarterly; 
2023-12-22,PCE,08:30,scheduled,2023-11-30,prior_release_notice,https://www.bea.gov/news/2023/personal-income-and-outlays-october-2023,,true,2023-11,https://www.bea.gov/news/2023/personal-income-and-outlays-november-2023,
2023-12-29,QUARTER_END,,scheduled,2021-05-31,rule,https://web.archive.org/web/20210531122307id_/https://www.nyse.com/markets/hours-calendars,,true,,Last NYSE session of the calendar quarter,
2024-01-05,NFP,08:30,scheduled,2023-12-08,prior_release_notice,https://web.archive.org/web/20260819193841id_/https://www.bls.gov/news.release/archives/empsit_12082023.htm,,true,2023-12,https://web.archive.org/web/20260819193242id_/https://www.bls.gov/news.release/archives/empsit_01052024.htm,
2024-01-11,CPI,08:30,scheduled,2023-12-12,prior_release_notice,https://web.archive.org/web/20260819194716id_/https://www.bls.gov/news.release/archives/cpi_12122023.htm,,true,2023-12,https://web.archive.org/web/20260819194717id_/https://www.bls.gov/news.release/archives/cpi_01112024.htm,
2024-01-19,OPEX,,scheduled,2022-06-01,rule,https://web.archive.org/web/20220601133900id_/https://www.nyse.com/markets/hours-calendars,,true,,"Standard monthly expiration: third Friday, or the preceding business day if that Friday is an exchange holiday (OCC/Cboe)",
2024-01-26,PCE,08:30,scheduled,2023-12-22,prior_release_notice,https://www.bea.gov/news/2023/personal-income-and-outlays-november-2023,,true,2023-12,https://www.bea.gov/news/2024/personal-income-and-outlays-december-2023,
2024-01-31,FOMC,14:00,scheduled,2023-06-23,press_release,https://www.federalreserve.gov/newsevents/pressreleases/monetary20230623a.htm,,true,,https://www.federalreserve.gov/monetarypolicy/fomccalendars.htm,
2024-02-02,NFP,08:30,scheduled,2024-01-05,prior_release_notice,https://web.archive.org/web/20260819193242id_/https://www.bls.gov/news.release/archives/empsit_01052024.htm,,true,2024-01,https://web.archive.org/web/20260819193858id_/https://www.bls.gov/news.release/archives/empsit_02022024.htm,
2024-02-13,CPI,08:30,scheduled,2024-01-11,prior_release_notice,https://web.archive.org/web/20260819194717id_/https://www.bls.gov/news.release/archives/cpi_01112024.htm,,true,2024-01,https://web.archive.org/web/20260819194833id_/https://www.bls.gov/news.release/archives/cpi_02132024.htm,
2024-02-16,OPEX,,scheduled,2022-06-01,rule,https://web.archive.org/web/20220601133900id_/https://www.nyse.com/markets/hours-calendars,,true,,"Standard monthly expiration: third Friday, or the preceding business day if that Friday is an exchange holiday (OCC/Cboe)",
2024-02-29,PCE,08:30,scheduled,2024-01-26,prior_release_notice,https://www.bea.gov/news/2024/personal-income-and-outlays-december-2023,,true,2024-01,https://www.bea.gov/news/2024/personal-income-and-outlays-january-2024,
2024-03-08,NFP,08:30,scheduled,2024-02-02,prior_release_notice,https://web.archive.org/web/20260819193858id_/https://www.bls.gov/news.release/archives/empsit_02022024.htm,,true,2024-02,https://web.archive.org/web/20260819193541id_/https://www.bls.gov/news.release/archives/empsit_03082024.htm,
2024-03-12,CPI,08:30,scheduled,2024-02-13,prior_release_notice,https://web.archive.org/web/20260819194833id_/https://www.bls.gov/news.release/archives/cpi_02132024.htm,,true,2024-02,https://web.archive.org/web/20260819194835id_/https://www.bls.gov/news.release/archives/cpi_03122024.htm,
2024-03-15,OPEX,,scheduled,2022-06-01,rule,https://web.archive.org/web/20220601133900id_/https://www.nyse.com/markets/hours-calendars,,true,,"Standard monthly expiration: third Friday, or the preceding business day if that Friday is an exchange holiday (OCC/Cboe)",quarterly; 
2024-03-20,FOMC,14:00,scheduled,2023-06-23,press_release,https://www.federalreserve.gov/newsevents/pressreleases/monetary20230623a.htm,,true,,https://www.federalreserve.gov/monetarypolicy/fomccalendars.htm,SEP meeting
2024-03-28,QUARTER_END,,scheduled,2022-06-01,rule,https://web.archive.org/web/20220601133900id_/https://www.nyse.com/markets/hours-calendars,,true,,Last NYSE session of the calendar quarter,
2024-03-29,PCE,08:30,scheduled,2024-02-29,prior_release_notice,https://www.bea.gov/news/2024/personal-income-and-outlays-january-2024,,true,2024-02,https://www.bea.gov/news/2024/personal-income-and-outlays-february-2024,
2024-04-05,NFP,08:30,scheduled,2024-03-08,prior_release_notice,https://web.archive.org/web/20260819193541id_/https://www.bls.gov/news.release/archives/empsit_03082024.htm,,true,2024-03,https://web.archive.org/web/20260819193942id_/https://www.bls.gov/news.release/archives/empsit_04052024.htm,
2024-04-10,CPI,08:30,scheduled,2024-03-12,prior_release_notice,https://web.archive.org/web/20260819194835id_/https://www.bls.gov/news.release/archives/cpi_03122024.htm,,true,2024-03,https://web.archive.org/web/20260819194816id_/https://www.bls.gov/news.release/archives/cpi_04102024.htm,
2024-04-19,OPEX,,scheduled,2022-06-01,rule,https://web.archive.org/web/20220601133900id_/https://www.nyse.com/markets/hours-calendars,,true,,"Standard monthly expiration: third Friday, or the preceding business day if that Friday is an exchange holiday (OCC/Cboe)",
2024-04-26,PCE,08:30,scheduled,2024-03-29,prior_release_notice,https://www.bea.gov/news/2024/personal-income-and-outlays-february-2024,,true,2024-03,https://www.bea.gov/news/2024/personal-income-and-outlays-march-2024,
2024-05-01,FOMC,14:00,scheduled,2023-06-23,press_release,https://www.federalreserve.gov/newsevents/pressreleases/monetary20230623a.htm,,true,,https://www.federalreserve.gov/monetarypolicy/fomccalendars.htm,
2024-05-03,NFP,08:30,scheduled,2024-04-05,prior_release_notice,https://web.archive.org/web/20260819193942id_/https://www.bls.gov/news.release/archives/empsit_04052024.htm,,true,2024-04,https://web.archive.org/web/20260819193816id_/https://www.bls.gov/news.release/archives/empsit_05032024.htm,
2024-05-15,CPI,08:30,scheduled,2024-04-10,prior_release_notice,https://web.archive.org/web/20260819194816id_/https://www.bls.gov/news.release/archives/cpi_04102024.htm,,true,2024-04,https://web.archive.org/web/20260819194818id_/https://www.bls.gov/news.release/archives/cpi_05152024.htm,
2024-05-17,OPEX,,scheduled,2022-06-01,rule,https://web.archive.org/web/20220601133900id_/https://www.nyse.com/markets/hours-calendars,,true,,"Standard monthly expiration: third Friday, or the preceding business day if that Friday is an exchange holiday (OCC/Cboe)",
2024-05-31,PCE,08:30,scheduled,2024-04-26,prior_release_notice,https://www.bea.gov/news/2024/personal-income-and-outlays-march-2024,,true,2024-04,https://www.bea.gov/news/2024/personal-income-and-outlays-april-2024,
2024-06-07,NFP,08:30,scheduled,2024-05-03,prior_release_notice,https://web.archive.org/web/20260819193816id_/https://www.bls.gov/news.release/archives/empsit_05032024.htm,,true,2024-05,https://web.archive.org/web/20260819193802id_/https://www.bls.gov/news.release/archives/empsit_06072024.htm,
2024-06-12,CPI,08:30,scheduled,2024-05-15,prior_release_notice,https://web.archive.org/web/20260819194818id_/https://www.bls.gov/news.release/archives/cpi_05152024.htm,,true,2024-05,https://web.archive.org/web/20260915203704id_/https://www.bls.gov/news.release/archives/cpi_06122024.htm,
2024-06-12,FOMC,14:00,scheduled,2023-06-23,press_release,https://www.federalreserve.gov/newsevents/pressreleases/monetary20230623a.htm,,true,,https://www.federalreserve.gov/monetarypolicy/fomccalendars.htm,SEP meeting
2024-06-21,OPEX,,scheduled,2022-06-01,rule,https://web.archive.org/web/20220601133900id_/https://www.nyse.com/markets/hours-calendars,,true,,"Standard monthly expiration: third Friday, or the preceding business day if that Friday is an exchange holiday (OCC/Cboe)",quarterly; 
2024-06-28,PCE,08:30,scheduled,2024-05-31,prior_release_notice,https://www.bea.gov/news/2024/personal-income-and-outlays-april-2024,,true,2024-05,https://www.bea.gov/news/2024/personal-income-and-outlays-may-2024,
2024-06-28,QUARTER_END,,scheduled,2022-06-01,rule,https://web.archive.org/web/20220601133900id_/https://www.nyse.com/markets/hours-calendars,,true,,Last NYSE session of the calendar quarter,
2024-07-03,EARLY_CLOSE,13:00,scheduled,2022-06-01,schedule_doc,https://web.archive.org/web/20220601133900id_/https://www.nyse.com/markets/hours-calendars,,true,,https://web.archive.org/web/20220601133900id_/https://www.nyse.com/markets/hours-calendars,1:00 p.m. ET close (1:15 p.m. for eligible options)
2024-07-05,NFP,08:30,scheduled,2024-06-07,prior_release_notice,https://web.archive.org/web/20260819193802id_/https://www.bls.gov/news.release/archives/empsit_06072024.htm,,true,2024-06,https://web.archive.org/web/20260819193636id_/https://www.bls.gov/news.release/archives/empsit_07052024.htm,
2024-07-11,CPI,08:30,scheduled,2024-06-12,prior_release_notice,https://web.archive.org/web/20260915203704id_/https://www.bls.gov/news.release/archives/cpi_06122024.htm,,true,2024-06,https://web.archive.org/web/20260819055407id_/https://www.bls.gov/news.release/archives/cpi_07112024.htm,
2024-07-19,OPEX,,scheduled,2022-06-01,rule,https://web.archive.org/web/20220601133900id_/https://www.nyse.com/markets/hours-calendars,,true,,"Standard monthly expiration: third Friday, or the preceding business day if that Friday is an exchange holiday (OCC/Cboe)",
2024-07-26,PCE,08:30,scheduled,2024-06-28,prior_release_notice,https://www.bea.gov/news/2024/personal-income-and-outlays-may-2024,,true,2024-06,https://www.bea.gov/news/2024/personal-income-and-outlays-june-2024,
2024-07-31,FOMC,14:00,scheduled,2023-06-23,press_release,https://www.federalreserve.gov/newsevents/pressreleases/monetary20230623a.htm,,true,,https://www.federalreserve.gov/monetarypolicy/fomccalendars.htm,
2024-08-02,NFP,08:30,scheduled,2024-07-05,prior_release_notice,https://web.archive.org/web/20260819193636id_/https://www.bls.gov/news.release/archives/empsit_07052024.htm,,true,2024-07,https://web.archive.org/web/20260819193754id_/https://www.bls.gov/news.release/archives/empsit_08022024.htm,
2024-08-14,CPI,08:30,scheduled,2024-07-11,prior_release_notice,https://web.archive.org/web/20260819055407id_/https://www.bls.gov/news.release/archives/cpi_07112024.htm,,true,2024-07,https://web.archive.org/web/20260819194737id_/https://www.bls.gov/news.release/archives/cpi_08142024.htm,
2024-08-16,OPEX,,scheduled,2022-06-01,rule,https://web.archive.org/web/20220601133900id_/https://www.nyse.com/markets/hours-calendars,,true,,"Standard monthly expiration: third Friday, or the preceding business day if that Friday is an exchange holiday (OCC/Cboe)",
2024-08-30,PCE,08:30,scheduled,2024-07-26,prior_release_notice,https://www.bea.gov/news/2024/personal-income-and-outlays-june-2024,,true,2024-07,https://www.bea.gov/news/2024/personal-income-and-outlays-july-2024,
2024-09-06,NFP,08:30,scheduled,2024-08-02,prior_release_notice,https://web.archive.org/web/20260819193754id_/https://www.bls.gov/news.release/archives/empsit_08022024.htm,,true,2024-08,https://web.archive.org/web/20260819193548id_/https://www.bls.gov/news.release/archives/empsit_09062024.htm,
2024-09-11,CPI,08:30,scheduled,2024-08-14,prior_release_notice,https://web.archive.org/web/20260819194737id_/https://www.bls.gov/news.release/archives/cpi_08142024.htm,,true,2024-08,https://web.archive.org/web/20260819194805id_/https://www.bls.gov/news.release/archives/cpi_09112024.htm,
2024-09-18,FOMC,14:00,scheduled,2023-06-23,press_release,https://www.federalreserve.gov/newsevents/pressreleases/monetary20230623a.htm,,true,,https://www.federalreserve.gov/monetarypolicy/fomccalendars.htm,SEP meeting
2024-09-20,OPEX,,scheduled,2022-06-01,rule,https://web.archive.org/web/20220601133900id_/https://www.nyse.com/markets/hours-calendars,,true,,"Standard monthly expiration: third Friday, or the preceding business day if that Friday is an exchange holiday (OCC/Cboe)",quarterly; 
2024-09-27,PCE,08:30,scheduled,2024-08-30,prior_release_notice,https://www.bea.gov/news/2024/personal-income-and-outlays-july-2024,,true,2024-08,https://www.bea.gov/news/2024/personal-income-and-outlays-august-2024,
2024-09-30,QUARTER_END,,scheduled,2022-06-01,rule,https://web.archive.org/web/20220601133900id_/https://www.nyse.com/markets/hours-calendars,,true,,Last NYSE session of the calendar quarter,
2024-10-04,NFP,08:30,scheduled,2024-09-06,prior_release_notice,https://web.archive.org/web/20260819193548id_/https://www.bls.gov/news.release/archives/empsit_09062024.htm,,true,2024-09,https://web.archive.org/web/20260819193842id_/https://www.bls.gov/news.release/archives/empsit_10042024.htm,
2024-10-10,CPI,08:30,scheduled,2024-09-11,prior_release_notice,https://web.archive.org/web/20260819194805id_/https://www.bls.gov/news.release/archives/cpi_09112024.htm,,true,2024-09,https://web.archive.org/web/20260819194758id_/https://www.bls.gov/news.release/archives/cpi_10102024.htm,
2024-10-18,OPEX,,scheduled,2022-06-01,rule,https://web.archive.org/web/20220601133900id_/https://www.nyse.com/markets/hours-calendars,,true,,"Standard monthly expiration: third Friday, or the preceding business day if that Friday is an exchange holiday (OCC/Cboe)",
2024-10-31,PCE,08:30,scheduled,2024-09-27,prior_release_notice,https://www.bea.gov/news/2024/personal-income-and-outlays-august-2024,,true,2024-09,https://www.bea.gov/news/2024/personal-income-and-outlays-september-2024,
2024-11-01,NFP,08:30,scheduled,2024-10-04,prior_release_notice,https://web.archive.org/web/20260819193842id_/https://www.bls.gov/news.release/archives/empsit_10042024.htm,,true,2024-10,https://web.archive.org/web/20260819193850id_/https://www.bls.gov/news.release/archives/empsit_11012024.htm,
2024-11-07,FOMC,14:00,scheduled,2023-06-23,press_release,https://www.federalreserve.gov/newsevents/pressreleases/monetary20230623a.htm,,true,,https://www.federalreserve.gov/monetarypolicy/fomccalendars.htm,
2024-11-13,CPI,08:30,scheduled,2024-10-10,prior_release_notice,https://web.archive.org/web/20260819194758id_/https://www.bls.gov/news.release/archives/cpi_10102024.htm,,true,2024-10,https://web.archive.org/web/20260819194711id_/https://www.bls.gov/news.release/archives/cpi_11132024.htm,
2024-11-15,OPEX,,scheduled,2022-06-01,rule,https://web.archive.org/web/20220601133900id_/https://www.nyse.com/markets/hours-calendars,,true,,"Standard monthly expiration: third Friday, or the preceding business day if that Friday is an exchange holiday (OCC/Cboe)",
2024-11-27,PCE,10:00,scheduled,2024-10-31,prior_release_notice,https://www.bea.gov/news/2024/personal-income-and-outlays-september-2024,,true,2024-10,https://www.bea.gov/news/2024/personal-income-and-outlays-october-2024,
2024-11-29,EARLY_CLOSE,13:00,scheduled,2022-06-01,schedule_doc,https://web.archive.org/web/20220601133900id_/https://www.nyse.com/markets/hours-calendars,,true,,https://web.archive.org/web/20220601133900id_/https://www.nyse.com/markets/hours-calendars,1:00 p.m. ET close (1:15 p.m. for eligible options)
2024-12-06,NFP,08:30,scheduled,2024-11-01,prior_release_notice,https://web.archive.org/web/20260819193850id_/https://www.bls.gov/news.release/archives/empsit_11012024.htm,,true,2024-11,https://web.archive.org/web/20260819193756id_/https://www.bls.gov/news.release/archives/empsit_12062024.htm,
2024-12-11,CPI,08:30,scheduled,2024-11-13,prior_release_notice,https://web.archive.org/web/20260819194711id_/https://www.bls.gov/news.release/archives/cpi_11132024.htm,,true,2024-11,https://web.archive.org/web/20260915203715id_/https://www.bls.gov/news.release/archives/cpi_12112024.htm,
2024-12-18,FOMC,14:00,scheduled,2023-06-23,press_release,https://www.federalreserve.gov/newsevents/pressreleases/monetary20230623a.htm,,true,,https://www.federalreserve.gov/monetarypolicy/fomccalendars.htm,SEP meeting
2024-12-20,OPEX,,scheduled,2022-06-01,rule,https://web.archive.org/web/20220601133900id_/https://www.nyse.com/markets/hours-calendars,,true,,"Standard monthly expiration: third Friday, or the preceding business day if that Friday is an exchange holiday (OCC/Cboe)",quarterly; 
2024-12-20,PCE,08:30,scheduled,2024-11-27,prior_release_notice,https://www.bea.gov/news/2024/personal-income-and-outlays-october-2024,,true,2024-11,https://www.bea.gov/news/2024/personal-income-and-outlays-november-2024,
2024-12-24,EARLY_CLOSE,13:00,scheduled,2022-06-01,schedule_doc,https://web.archive.org/web/20220601133900id_/https://www.nyse.com/markets/hours-calendars,,true,,https://web.archive.org/web/20220601133900id_/https://www.nyse.com/markets/hours-calendars,1:00 p.m. ET close (1:15 p.m. for eligible options)
2024-12-31,QUARTER_END,,scheduled,2022-06-01,rule,https://web.archive.org/web/20220601133900id_/https://www.nyse.com/markets/hours-calendars,,true,,Last NYSE session of the calendar quarter,
2025-01-10,NFP,08:30,scheduled,2024-12-06,prior_release_notice,https://web.archive.org/web/20260819193756id_/https://www.bls.gov/news.release/archives/empsit_12062024.htm,,true,2024-12,https://web.archive.org/web/20260819193640id_/https://www.bls.gov/news.release/archives/empsit_01102025.htm,
2025-01-15,CPI,08:30,scheduled,2024-12-11,prior_release_notice,https://web.archive.org/web/20260915203715id_/https://www.bls.gov/news.release/archives/cpi_12112024.htm,,true,2024-12,https://web.archive.org/web/20260901070232id_/https://www.bls.gov/news.release/archives/cpi_01152025.htm,
2025-01-17,OPEX,,scheduled,2023-06-01,rule,https://web.archive.org/web/20230601084000id_/https://www.nyse.com/markets/hours-calendars,,true,,"Standard monthly expiration: third Friday, or the preceding business day if that Friday is an exchange holiday (OCC/Cboe)",
2025-01-29,FOMC,14:00,scheduled,2024-08-09,press_release,https://www.federalreserve.gov/newsevents/pressreleases/monetary20240809a.htm,,true,,https://www.federalreserve.gov/monetarypolicy/fomccalendars.htm,
2025-01-31,PCE,08:30,scheduled,2024-12-20,prior_release_notice,https://www.bea.gov/news/2024/personal-income-and-outlays-november-2024,,true,2024-12,https://www.bea.gov/news/2025/personal-income-and-outlays-december-2024,
2025-02-07,NFP,08:30,scheduled,2025-01-10,prior_release_notice,https://web.archive.org/web/20260819193640id_/https://www.bls.gov/news.release/archives/empsit_01102025.htm,,true,2025-01,https://web.archive.org/web/20260907213522id_/https://www.bls.gov/news.release/archives/empsit_02072025.htm,
2025-02-12,CPI,08:30,scheduled,2025-01-15,prior_release_notice,https://web.archive.org/web/20260901070232id_/https://www.bls.gov/news.release/archives/cpi_01152025.htm,,true,2025-01,https://web.archive.org/web/20260824111334id_/https://www.bls.gov/news.release/archives/cpi_02122025.htm,
2025-02-21,OPEX,,scheduled,2023-06-01,rule,https://web.archive.org/web/20230601084000id_/https://www.nyse.com/markets/hours-calendars,,true,,"Standard monthly expiration: third Friday, or the preceding business day if that Friday is an exchange holiday (OCC/Cboe)",
2025-02-28,PCE,08:30,scheduled,2025-01-31,prior_release_notice,https://www.bea.gov/news/2025/personal-income-and-outlays-december-2024,,true,2025-01,https://www.bea.gov/news/2025/personal-income-and-outlays-january-2025,
2025-03-07,NFP,08:30,scheduled,2025-02-07,prior_release_notice,https://web.archive.org/web/20260907213522id_/https://www.bls.gov/news.release/archives/empsit_02072025.htm,,true,2025-02,https://web.archive.org/web/20260819193754id_/https://www.bls.gov/news.release/archives/empsit_03072025.htm,
2025-03-12,CPI,08:30,scheduled,2025-02-12,prior_release_notice,https://web.archive.org/web/20260824111334id_/https://www.bls.gov/news.release/archives/cpi_02122025.htm,,true,2025-02,https://web.archive.org/web/20260819194829id_/https://www.bls.gov/news.release/archives/cpi_03122025.htm,
2025-03-19,FOMC,14:00,scheduled,2024-08-09,press_release,https://www.federalreserve.gov/newsevents/pressreleases/monetary20240809a.htm,,true,,https://www.federalreserve.gov/monetarypolicy/fomccalendars.htm,SEP meeting
2025-03-21,OPEX,,scheduled,2023-06-01,rule,https://web.archive.org/web/20230601084000id_/https://www.nyse.com/markets/hours-calendars,,true,,"Standard monthly expiration: third Friday, or the preceding business day if that Friday is an exchange holiday (OCC/Cboe)",quarterly; 
2025-03-28,PCE,08:30,scheduled,2025-02-28,prior_release_notice,https://www.bea.gov/news/2025/personal-income-and-outlays-january-2025,,true,2025-02,https://www.bea.gov/news/2025/personal-income-and-outlays-february-2025,
2025-03-31,QUARTER_END,,scheduled,2023-06-01,rule,https://web.archive.org/web/20230601084000id_/https://www.nyse.com/markets/hours-calendars,,true,,Last NYSE session of the calendar quarter,
2025-04-04,NFP,08:30,scheduled,2025-03-07,prior_release_notice,https://web.archive.org/web/20260819193754id_/https://www.bls.gov/news.release/archives/empsit_03072025.htm,,true,2025-03,https://web.archive.org/web/20260819193746id_/https://www.bls.gov/news.release/archives/empsit_04042025.htm,
2025-04-10,CPI,08:30,scheduled,2025-03-12,prior_release_notice,https://web.archive.org/web/20260819194829id_/https://www.bls.gov/news.release/archives/cpi_03122025.htm,,true,2025-03,https://web.archive.org/web/20260819194532id_/https://www.bls.gov/news.release/archives/cpi_04102025.htm,
2025-04-17,OPEX,,scheduled,2023-06-01,rule,https://web.archive.org/web/20230601084000id_/https://www.nyse.com/markets/hours-calendars,,true,,"Standard monthly expiration: third Friday, or the preceding business day if that Friday is an exchange holiday (OCC/Cboe)",third Friday 2025-04-18 is an exchange holiday
2025-04-30,PCE,10:00,scheduled,2025-03-28,prior_release_notice,https://www.bea.gov/news/2025/personal-income-and-outlays-february-2025,,true,2025-03,https://www.bea.gov/news/2025/personal-income-and-outlays-march-2025,
2025-05-02,NFP,08:30,scheduled,2025-04-04,prior_release_notice,https://web.archive.org/web/20260819193746id_/https://www.bls.gov/news.release/archives/empsit_04042025.htm,,true,2025-04,https://web.archive.org/web/20260819055436id_/https://www.bls.gov/news.release/archives/empsit_05022025.htm,
2025-05-07,FOMC,14:00,scheduled,2024-08-09,press_release,https://www.federalreserve.gov/newsevents/pressreleases/monetary20240809a.htm,,true,,https://www.federalreserve.gov/monetarypolicy/fomccalendars.htm,
2025-05-13,CPI,08:30,scheduled,2025-04-10,prior_release_notice,https://web.archive.org/web/20260819194532id_/https://www.bls.gov/news.release/archives/cpi_04102025.htm,,true,2025-04,https://web.archive.org/web/20260819194732id_/https://www.bls.gov/news.release/archives/cpi_05132025.htm,
2025-05-16,OPEX,,scheduled,2023-06-01,rule,https://web.archive.org/web/20230601084000id_/https://www.nyse.com/markets/hours-calendars,,true,,"Standard monthly expiration: third Friday, or the preceding business day if that Friday is an exchange holiday (OCC/Cboe)",
2025-05-30,PCE,08:30,scheduled,2025-04-30,prior_release_notice,https://www.bea.gov/news/2025/personal-income-and-outlays-march-2025,,true,2025-04,https://www.bea.gov/news/2025/personal-income-and-outlays-april-2025,
2025-06-06,NFP,08:30,scheduled,2025-05-02,prior_release_notice,https://web.archive.org/web/20260819055436id_/https://www.bls.gov/news.release/archives/empsit_05022025.htm,,true,2025-05,https://web.archive.org/web/20260819193912id_/https://www.bls.gov/news.release/archives/empsit_06062025.htm,
2025-06-11,CPI,08:30,scheduled,2025-05-13,prior_release_notice,https://web.archive.org/web/20260819194732id_/https://www.bls.gov/news.release/archives/cpi_05132025.htm,,true,2025-05,https://web.archive.org/web/20260919150646id_/https://www.bls.gov/news.release/archives/cpi_06112025.htm,
2025-06-18,FOMC,14:00,scheduled,2024-08-09,press_release,https://www.federalreserve.gov/newsevents/pressreleases/monetary20240809a.htm,,true,,https://www.federalreserve.gov/monetarypolicy/fomccalendars.htm,SEP meeting
2025-06-20,OPEX,,scheduled,2023-06-01,rule,https://web.archive.org/web/20230601084000id_/https://www.nyse.com/markets/hours-calendars,,true,,"Standard monthly expiration: third Friday, or the preceding business day if that Friday is an exchange holiday (OCC/Cboe)",quarterly; 
2025-06-27,PCE,08:30,scheduled,2025-05-30,prior_release_notice,https://www.bea.gov/news/2025/personal-income-and-outlays-april-2025,,true,2025-05,https://www.bea.gov/news/2025/personal-income-and-outlays-may-2025,
2025-06-30,QUARTER_END,,scheduled,2023-06-01,rule,https://web.archive.org/web/20230601084000id_/https://www.nyse.com/markets/hours-calendars,,true,,Last NYSE session of the calendar quarter,
2025-07-03,EARLY_CLOSE,13:00,scheduled,2023-06-01,schedule_doc,https://web.archive.org/web/20230601084000id_/https://www.nyse.com/markets/hours-calendars,,true,,https://web.archive.org/web/20230601084000id_/https://www.nyse.com/markets/hours-calendars,1:00 p.m. ET close (1:15 p.m. for eligible options)
2025-07-03,NFP,08:30,scheduled,2025-06-06,prior_release_notice,https://web.archive.org/web/20260819193912id_/https://www.bls.gov/news.release/archives/empsit_06062025.htm,,true,2025-06,https://web.archive.org/web/20260819193603id_/https://www.bls.gov/news.release/archives/empsit_07032025.htm,
2025-07-15,CPI,08:30,scheduled,2025-06-11,prior_release_notice,https://web.archive.org/web/20260919150646id_/https://www.bls.gov/news.release/archives/cpi_06112025.htm,,true,2025-06,https://web.archive.org/web/20260927123305id_/https://www.bls.gov/news.release/archives/cpi_07152025.htm,
2025-07-18,OPEX,,scheduled,2023-06-01,rule,https://web.archive.org/web/20230601084000id_/https://www.nyse.com/markets/hours-calendars,,true,,"Standard monthly expiration: third Friday, or the preceding business day if that Friday is an exchange holiday (OCC/Cboe)",
2025-07-30,FOMC,14:00,scheduled,2024-08-09,press_release,https://www.federalreserve.gov/newsevents/pressreleases/monetary20240809a.htm,,true,,https://www.federalreserve.gov/monetarypolicy/fomccalendars.htm,
2025-07-31,PCE,08:30,scheduled,2025-06-27,prior_release_notice,https://www.bea.gov/news/2025/personal-income-and-outlays-may-2025,,true,2025-06,https://www.bea.gov/news/2025/personal-income-and-outlays-june-2025,
2025-08-01,NFP,08:30,scheduled,2025-07-03,prior_release_notice,https://web.archive.org/web/20260819193603id_/https://www.bls.gov/news.release/archives/empsit_07032025.htm,,true,2025-07,https://web.archive.org/web/20260902094242id_/https://www.bls.gov/news.release/archives/empsit_08012025.htm,
2025-08-12,CPI,08:30,scheduled,2025-07-15,prior_release_notice,https://web.archive.org/web/20260927123305id_/https://www.bls.gov/news.release/archives/cpi_07152025.htm,,true,2025-07,https://web.archive.org/web/20260911110826id_/https://www.bls.gov/news.release/archives/cpi_08122025.htm,
2025-08-15,OPEX,,scheduled,2023-06-01,rule,https://web.archive.org/web/20230601084000id_/https://www.nyse.com/markets/hours-calendars,,true,,"Standard monthly expiration: third Friday, or the preceding business day if that Friday is an exchange holiday (OCC/Cboe)",
2025-08-22,FOMC,,unscheduled,2025-08-22,notice,https://www.federalreserve.gov/monetarypolicy/fomccalendars.htm,,true,,https://www.federalreserve.gov/monetarypolicy/fomccalendars.htm,notation vote (August 22 (notation vote) Statement on Longer-Run Goals and Monetary Policy Stra)
2025-08-29,PCE,08:30,scheduled,2025-07-31,prior_release_notice,https://www.bea.gov/news/2025/personal-income-and-outlays-june-2025,,true,2025-07,https://www.bea.gov/news/2025/personal-income-and-outlays-july-2025,
2025-09-05,NFP,08:30,scheduled,2025-08-01,prior_release_notice,https://web.archive.org/web/20260902094242id_/https://www.bls.gov/news.release/archives/empsit_08012025.htm,,true,2025-08,https://web.archive.org/web/20260901182000id_/https://www.bls.gov/news.release/archives/empsit_09052025.htm,
2025-09-11,CPI,08:30,scheduled,2025-08-12,prior_release_notice,https://web.archive.org/web/20260911110826id_/https://www.bls.gov/news.release/archives/cpi_08122025.htm,,true,2025-08,https://web.archive.org/web/20260911110826id_/https://www.bls.gov/news.release/archives/cpi_09112025.htm,
2025-09-17,FOMC,14:00,scheduled,2024-08-09,press_release,https://www.federalreserve.gov/newsevents/pressreleases/monetary20240809a.htm,,true,,https://www.federalreserve.gov/monetarypolicy/fomccalendars.htm,SEP meeting
2025-09-19,OPEX,,scheduled,2023-06-01,rule,https://web.archive.org/web/20230601084000id_/https://www.nyse.com/markets/hours-calendars,,true,,"Standard monthly expiration: third Friday, or the preceding business day if that Friday is an exchange holiday (OCC/Cboe)",quarterly; 
2025-09-26,PCE,08:30,scheduled,2025-08-29,prior_release_notice,https://www.bea.gov/news/2025/personal-income-and-outlays-july-2025,,true,2025-08,https://www.bea.gov/news/2025/personal-income-and-outlays-august-2025,
2025-09-30,QUARTER_END,,scheduled,2023-06-01,rule,https://web.archive.org/web/20230601084000id_/https://www.nyse.com/markets/hours-calendars,,true,,Last NYSE session of the calendar quarter,
2025-10-03,NFP,08:30,scheduled,2025-09-05,prior_release_notice,https://web.archive.org/web/20260901182000id_/https://www.bls.gov/news.release/archives/empsit_09052025.htm,2025-10-03,false,2025-09,https://web.archive.org/web/20260901182000id_/https://www.bls.gov/news.release/archives/empsit_09052025.htm,2025 lapse; no dated notice before the original 2025-10-03 date
2025-10-15,CPI,08:30,scheduled,2025-09-11,prior_release_notice,https://web.archive.org/web/20260911110826id_/https://www.bls.gov/news.release/archives/cpi_09112025.htm,2025-10-12,false,2025-09,https://web.archive.org/web/20260911110826id_/https://www.bls.gov/news.release/archives/cpi_09112025.htm,2025 lapse in appropriations; CPI home page 'Next Release' notice (the 2025-10-09 capture does not have it)
2025-10-17,OPEX,,scheduled,2023-06-01,rule,https://web.archive.org/web/20230601084000id_/https://www.nyse.com/markets/hours-calendars,,true,,"Standard monthly expiration: third Friday, or the preceding business day if that Friday is an exchange holiday (OCC/Cboe)",
2025-10-24,CPI,08:30,rescheduled,2025-10-12,notice,https://web.archive.org/web/20251012085353id_/https://www.bls.gov/cpi/,,true,2025-09,https://web.archive.org/web/20260911110826id_/https://www.bls.gov/news.release/archives/cpi_10242025.htm,2025 lapse in appropriations; CPI home page 'Next Release' notice (the 2025-10-09 capture does not have it)
2025-10-29,FOMC,14:00,scheduled,2024-08-09,press_release,https://www.federalreserve.gov/newsevents/pressreleases/monetary20240809a.htm,,true,,https://www.federalreserve.gov/monetarypolicy/fomccalendars.htm,
2025-10-31,PCE,08:30,scheduled,2025-09-26,prior_release_notice,https://www.bea.gov/news/2025/personal-income-and-outlays-august-2025,2025-10-31,false,2025-09,https://www.bea.gov/news/2025/personal-income-and-outlays-august-2025,2025 lapse; originally 2025-10-31; no dated notice before that date
2025-11-20,NFP,08:30,rescheduled,2025-11-16,notice,https://web.archive.org/web/20251116071537id_/https://www.bls.gov/bls/2025-lapse-revised-release-dates.htm,,true,2025-09,https://web.archive.org/web/20260819192329id_/https://www.bls.gov/news.release/archives/empsit_11202025.htm,2025 lapse; no dated notice before the original 2025-10-03 date
2025-11-21,OPEX,,scheduled,2023-06-01,rule,https://web.archive.org/web/20230601084000id_/https://www.nyse.com/markets/hours-calendars,,true,,"Standard monthly expiration: third Friday, or the preceding business day if that Friday is an exchange holiday (OCC/Cboe)",
2025-11-28,EARLY_CLOSE,13:00,scheduled,2023-06-01,schedule_doc,https://web.archive.org/web/20230601084000id_/https://www.nyse.com/markets/hours-calendars,,true,,https://web.archive.org/web/20230601084000id_/https://www.nyse.com/markets/hours-calendars,1:00 p.m. ET close (1:15 p.m. for eligible options)
2025-12-05,PCE,10:00,rescheduled,2025-11-24,notice,https://www.bea.gov/news/blog/2025-11-24/economic-release-schedule-updates,,true,2025-09,https://www.bea.gov/news/2025/personal-income-and-outlays-september-2025,2025 lapse; originally 2025-10-31; no dated notice before that date
2025-12-10,FOMC,14:00,scheduled,2024-08-09,press_release,https://www.federalreserve.gov/newsevents/pressreleases/monetary20240809a.htm,,true,,https://www.federalreserve.gov/monetarypolicy/fomccalendars.htm,SEP meeting
2025-12-16,NFP,08:30,rescheduled,2025-11-20,prior_release_notice,https://web.archive.org/web/20260819192329id_/https://www.bls.gov/news.release/archives/empsit_11202025.htm,,true,2025-11,https://web.archive.org/web/20260819192326id_/https://www.bls.gov/news.release/archives/empsit_12162025.htm,2025 lapse; originally scheduled 2025-12-05 (annual schedule)
2025-12-18,CPI,08:30,rescheduled,2025-11-21,notice,https://web.archive.org/web/20251121165438id_/https://www.bls.gov/bls/2025-lapse-revised-release-dates.htm,,true,2025-11,https://web.archive.org/web/20260911110826id_/https://www.bls.gov/news.release/archives/cpi_12182025.htm,2025 lapse; originally scheduled 2025-12-10 (annual schedule)
2025-12-19,OPEX,,scheduled,2023-06-01,rule,https://web.archive.org/web/20230601084000id_/https://www.nyse.com/markets/hours-calendars,,true,,"Standard monthly expiration: third Friday, or the preceding business day if that Friday is an exchange holiday (OCC/Cboe)",quarterly; 
2025-12-24,EARLY_CLOSE,13:00,scheduled,2023-06-01,schedule_doc,https://web.archive.org/web/20230601084000id_/https://www.nyse.com/markets/hours-calendars,,true,,https://web.archive.org/web/20230601084000id_/https://www.nyse.com/markets/hours-calendars,1:00 p.m. ET close (1:15 p.m. for eligible options)
2025-12-31,QUARTER_END,,scheduled,2023-06-01,rule,https://web.archive.org/web/20230601084000id_/https://www.nyse.com/markets/hours-calendars,,true,,Last NYSE session of the calendar quarter,
2026-01-09,NFP,08:30,scheduled,2025-12-16,prior_release_notice,https://web.archive.org/web/20260819192326id_/https://www.bls.gov/news.release/archives/empsit_12162025.htm,,true,2025-12,https://web.archive.org/web/20260905054357id_/https://www.bls.gov/bls/news-release/empsit.htm,
2026-01-13,CPI,08:30,scheduled,2025-12-18,prior_release_notice,https://web.archive.org/web/20260911110826id_/https://www.bls.gov/news.release/archives/cpi_12182025.htm,,true,2025-12,https://web.archive.org/web/20260921172458id_/https://www.bls.gov/news.release/archives/cpi_01132026.htm,
2026-01-16,OPEX,,scheduled,2024-06-03,rule,https://web.archive.org/web/20240603141738id_/https://www.nyse.com/markets/hours-calendars,,true,,"Standard monthly expiration: third Friday, or the preceding business day if that Friday is an exchange holiday (OCC/Cboe)",
2026-01-22,PCE,10:00,rescheduled,2026-01-07,notice,https://www.bea.gov/news/blog/2026-01-07/economic-release-schedule-updates-gdp-personal-income-and-outlays,,true,2025-11,https://www.bea.gov/news/2026/personal-income-and-outlays-october-and-november-2025,October and November 2025 combined; November originally 2025-12-19
2026-01-28,FOMC,14:00,scheduled,2024-08-09,press_release,https://www.federalreserve.gov/newsevents/pressreleases/monetary20240809a.htm,,true,,https://www.federalreserve.gov/monetarypolicy/fomccalendars.htm,
2026-02-11,CPI,08:30,scheduled,2026-01-13,prior_release_notice,https://web.archive.org/web/20260921172458id_/https://www.bls.gov/news.release/archives/cpi_01132026.htm,2026-02-05,false,2026-01,https://web.archive.org/web/20260921172458id_/https://www.bls.gov/news.release/archives/cpi_01132026.htm,2026 lapse in appropriations (not in the 2026-02-03 capture)
2026-02-11,NFP,08:30,rescheduled,2026-02-05,notice,https://web.archive.org/web/20260205224201id_/https://www.bls.gov/bls/2025-lapse-revised-release-dates.htm,,true,2026-01,https://web.archive.org/web/20260821140602id_/https://www.bls.gov/news.release/archives/empsit_02112026.htm,2026 lapse in appropriations (not in the 2026-02-03 capture)
2026-02-13,CPI,08:30,rescheduled,2026-02-05,notice,https://web.archive.org/web/20260205224201id_/https://www.bls.gov/bls/2025-lapse-revised-release-dates.htm,,true,2026-01,https://web.archive.org/web/20260919150613id_/https://www.bls.gov/news.release/archives/cpi_02132026.htm,2026 lapse in appropriations (not in the 2026-02-03 capture)
2026-02-20,OPEX,,scheduled,2024-06-03,rule,https://web.archive.org/web/20240603141738id_/https://www.nyse.com/markets/hours-calendars,,true,,"Standard monthly expiration: third Friday, or the preceding business day if that Friday is an exchange holiday (OCC/Cboe)",
2026-02-20,PCE,08:30,rescheduled,2026-01-07,notice,https://www.bea.gov/news/blog/2026-01-07/economic-release-schedule-updates-gdp-personal-income-and-outlays,,true,2025-12,https://www.bea.gov/news/2026/personal-income-and-outlays-december-2025,originally 2026-01-29
2026-03-06,NFP,08:30,scheduled,2026-02-11,prior_release_notice,https://web.archive.org/web/20260821140602id_/https://www.bls.gov/news.release/archives/empsit_02112026.htm,,true,2026-02,https://web.archive.org/web/20260913142656id_/https://www.bls.gov/news.release/archives/empsit_03062026.htm,
2026-03-11,CPI,08:30,scheduled,2026-02-13,prior_release_notice,https://web.archive.org/web/20260919150613id_/https://www.bls.gov/news.release/archives/cpi_02132026.htm,,true,2026-02,https://web.archive.org/web/20260819192432id_/https://www.bls.gov/news.release/archives/cpi_03112026.htm,
2026-03-13,PCE,08:30,rescheduled,2026-01-15,notice,https://www.bea.gov/news/blog/2026-01-15/economic-release-schedule-updates-gdp-personal-income-and-outlays,,true,2026-01,https://www.bea.gov/news/2026/personal-income-and-outlays-january-2026,originally 2026-02-26
2026-03-18,FOMC,14:00,scheduled,2024-08-09,press_release,https://www.federalreserve.gov/newsevents/pressreleases/monetary20240809a.htm,,true,,https://www.federalreserve.gov/monetarypolicy/fomccalendars.htm,SEP meeting
2026-03-20,OPEX,,scheduled,2024-06-03,rule,https://web.archive.org/web/20240603141738id_/https://www.nyse.com/markets/hours-calendars,,true,,"Standard monthly expiration: third Friday, or the preceding business day if that Friday is an exchange holiday (OCC/Cboe)",quarterly; 
2026-03-31,QUARTER_END,,scheduled,2024-06-03,rule,https://web.archive.org/web/20240603141738id_/https://www.nyse.com/markets/hours-calendars,,true,,Last NYSE session of the calendar quarter,
2026-04-03,NFP,08:30,scheduled,2026-03-06,prior_release_notice,https://web.archive.org/web/20260913142656id_/https://www.bls.gov/news.release/archives/empsit_03062026.htm,,true,2026-03,https://web.archive.org/web/20260819192324id_/https://www.bls.gov/news.release/archives/empsit_04032026.htm,
2026-04-09,PCE,08:30,rescheduled,2026-01-15,notice,https://www.bea.gov/news/blog/2026-01-15/economic-release-schedule-updates-gdp-personal-income-and-outlays,,true,2026-02,https://www.bea.gov/news/2026/personal-income-and-outlays-february-2026,originally 2026-03-27
2026-04-10,CPI,08:30,scheduled,2026-03-11,prior_release_notice,https://web.archive.org/web/20260819192432id_/https://www.bls.gov/news.release/archives/cpi_03112026.htm,,true,2026-03,https://web.archive.org/web/20260925065845id_/https://www.bls.gov/news.release/archives/cpi_04102026.htm,
2026-04-17,OPEX,,scheduled,2024-06-03,rule,https://web.archive.org/web/20240603141738id_/https://www.nyse.com/markets/hours-calendars,,true,,"Standard monthly expiration: third Friday, or the preceding business day if that Friday is an exchange holiday (OCC/Cboe)",
2026-04-29,FOMC,14:00,scheduled,2024-08-09,press_release,https://www.federalreserve.gov/newsevents/pressreleases/monetary20240809a.htm,,true,,https://www.federalreserve.gov/monetarypolicy/fomccalendars.htm,
2026-04-30,PCE,08:30,scheduled,2026-04-09,prior_release_notice,https://www.bea.gov/news/2026/personal-income-and-outlays-february-2026,,true,2026-03,https://www.bea.gov/news/2026/personal-income-and-outlays-march-2026,
2026-05-08,NFP,08:30,scheduled,2026-04-03,prior_release_notice,https://web.archive.org/web/20260819192324id_/https://www.bls.gov/news.release/archives/empsit_04032026.htm,,true,2026-04,https://web.archive.org/web/20260819213700id_/https://www.bls.gov/news.release/archives/empsit_05082026.htm,
2026-05-12,CPI,08:30,scheduled,2026-04-10,prior_release_notice,https://web.archive.org/web/20260925065845id_/https://www.bls.gov/news.release/archives/cpi_04102026.htm,,true,2026-04,https://web.archive.org/web/20260924083652id_/https://www.bls.gov/news.release/archives/cpi_05122026.htm,
2026-05-15,OPEX,,scheduled,2024-06-03,rule,https://web.archive.org/web/20240603141738id_/https://www.nyse.com/markets/hours-calendars,,true,,"Standard monthly expiration: third Friday, or the preceding business day if that Friday is an exchange holiday (OCC/Cboe)",
2026-05-28,PCE,08:30,scheduled,2026-04-30,prior_release_notice,https://www.bea.gov/news/2026/personal-income-and-outlays-march-2026,,true,2026-04,https://www.bea.gov/news/2026/personal-income-and-outlays-april-2026,
2026-06-05,NFP,08:30,scheduled,2026-05-08,prior_release_notice,https://web.archive.org/web/20260819213700id_/https://www.bls.gov/news.release/archives/empsit_05082026.htm,,true,2026-05,https://web.archive.org/web/20260906171910id_/https://www.bls.gov/news.release/archives/empsit_06052026.htm,
2026-06-10,CPI,08:30,scheduled,2026-05-12,prior_release_notice,https://web.archive.org/web/20260924083652id_/https://www.bls.gov/news.release/archives/cpi_05122026.htm,,true,2026-05,https://web.archive.org/web/20260927194147id_/https://www.bls.gov/news.release/archives/cpi_06102026.htm,
2026-06-17,FOMC,14:00,scheduled,2024-08-09,press_release,https://www.federalreserve.gov/newsevents/pressreleases/monetary20240809a.htm,,true,,https://www.federalreserve.gov/monetarypolicy/fomccalendars.htm,SEP meeting
2026-06-18,OPEX,,scheduled,2024-06-03,rule,https://web.archive.org/web/20240603141738id_/https://www.nyse.com/markets/hours-calendars,,true,,"Standard monthly expiration: third Friday, or the preceding business day if that Friday is an exchange holiday (OCC/Cboe)",quarterly; third Friday 2026-06-19 is an exchange holiday
2026-06-25,PCE,08:30,scheduled,2026-05-28,prior_release_notice,https://www.bea.gov/news/2026/personal-income-and-outlays-april-2026,,true,2026-05,https://www.bea.gov/news/2026/personal-income-and-outlays-may-2026,
2026-06-30,QUARTER_END,,scheduled,2024-06-03,rule,https://web.archive.org/web/20240603141738id_/https://www.nyse.com/markets/hours-calendars,,true,,Last NYSE session of the calendar quarter,
2026-07-02,NFP,08:30,scheduled,2026-06-05,prior_release_notice,https://web.archive.org/web/20260906171910id_/https://www.bls.gov/news.release/archives/empsit_06052026.htm,,true,2026-06,https://web.archive.org/web/20260927204707id_/https://www.bls.gov/news.release/archives/empsit_07022026.htm,
2026-07-14,CPI,08:30,scheduled,2026-06-10,prior_release_notice,https://web.archive.org/web/20260927194147id_/https://www.bls.gov/news.release/archives/cpi_06102026.htm,,true,2026-06,https://web.archive.org/web/20260927125308id_/https://www.bls.gov/news.release/archives/cpi_07142026.htm,
2026-07-17,OPEX,,scheduled,2024-06-03,rule,https://web.archive.org/web/20240603141738id_/https://www.nyse.com/markets/hours-calendars,,true,,"Standard monthly expiration: third Friday, or the preceding business day if that Friday is an exchange holiday (OCC/Cboe)",
2026-07-29,FOMC,14:00,scheduled,2024-08-09,press_release,https://www.federalreserve.gov/newsevents/pressreleases/monetary20240809a.htm,,true,,https://www.federalreserve.gov/monetarypolicy/fomccalendars.htm,
2026-07-30,PCE,08:30,scheduled,2026-06-25,prior_release_notice,https://www.bea.gov/news/2026/personal-income-and-outlays-may-2026,,true,2026-06,https://www.bea.gov/news/2026/personal-income-and-outlays-june-2026,
2026-08-07,NFP,08:30,scheduled,2026-07-02,prior_release_notice,https://web.archive.org/web/20260927204707id_/https://www.bls.gov/news.release/archives/empsit_07022026.htm,,true,2026-07,https://web.archive.org/web/20260925065840id_/https://www.bls.gov/news.release/archives/empsit_08072026.htm,
2026-08-12,CPI,08:30,scheduled,2026-07-14,prior_release_notice,https://web.archive.org/web/20260927125308id_/https://www.bls.gov/news.release/archives/cpi_07142026.htm,,true,2026-07,https://web.archive.org/web/20260819191816id_/https://www.bls.gov/news.release/archives/cpi_08122026.htm,
2026-08-21,OPEX,,scheduled,2024-06-03,rule,https://web.archive.org/web/20240603141738id_/https://www.nyse.com/markets/hours-calendars,,true,,"Standard monthly expiration: third Friday, or the preceding business day if that Friday is an exchange holiday (OCC/Cboe)",
2026-08-26,PCE,08:30,scheduled,2026-07-30,prior_release_notice,https://www.bea.gov/news/2026/personal-income-and-outlays-june-2026,,true,2026-07,https://www.bea.gov/news/2026/personal-income-and-outlays-july-2026,
2026-09-04,NFP,08:30,scheduled,2026-08-07,prior_release_notice,https://web.archive.org/web/20260925065840id_/https://www.bls.gov/news.release/archives/empsit_08072026.htm,,true,2026-08,https://web.archive.org/web/20260913095546id_/https://www.bls.gov/news.release/archives/empsit_09042026.htm,
2026-09-11,CPI,08:30,scheduled,2026-08-12,prior_release_notice,https://web.archive.org/web/20260819191816id_/https://www.bls.gov/news.release/archives/cpi_08122026.htm,,true,2026-08,https://web.archive.org/web/20260924014704id_/https://www.bls.gov/news.release/archives/cpi_09112026.htm,
2026-09-16,FOMC,14:00,scheduled,2024-08-09,press_release,https://www.federalreserve.gov/newsevents/pressreleases/monetary20240809a.htm,,true,,https://www.federalreserve.gov/monetarypolicy/fomccalendars.htm,SEP meeting
2026-09-18,OPEX,,scheduled,2024-06-03,rule,https://web.archive.org/web/20240603141738id_/https://www.nyse.com/markets/hours-calendars,,true,,"Standard monthly expiration: third Friday, or the preceding business day if that Friday is an exchange holiday (OCC/Cboe)",quarterly; 
2026-09-30,PCE,08:30,scheduled,2026-08-26,prior_release_notice,https://www.bea.gov/news/2026/personal-income-and-outlays-july-2026,2026-09-28,false,2026-08,https://www.bea.gov/news/2026/personal-income-and-outlays-july-2026,moved to 2026-10-06 on the current schedule page
2026-09-30,QUARTER_END,,scheduled,2024-06-03,rule,https://web.archive.org/web/20240603141738id_/https://www.nyse.com/markets/hours-calendars,,,,Last NYSE session of the calendar quarter,
2026-10-02,NFP,08:30,scheduled,2026-09-04,prior_release_notice,https://web.archive.org/web/20260913095546id_/https://www.bls.gov/news.release/archives/empsit_09042026.htm,,,2026-09,https://web.archive.org/web/20260913095546id_/https://www.bls.gov/news.release/archives/empsit_09042026.htm,
2026-10-06,PCE,08:30,rescheduled,2026-09-28,schedule_doc,https://www.bea.gov/news/schedule,,,2026-08,https://www.bea.gov/news/schedule,originally 2026-09-30
2026-10-14,CPI,08:30,scheduled,2026-09-11,prior_release_notice,https://web.archive.org/web/20260924014704id_/https://www.bls.gov/news.release/archives/cpi_09112026.htm,,,2026-09,https://web.archive.org/web/20260924014704id_/https://www.bls.gov/news.release/archives/cpi_09112026.htm,
2026-10-16,OPEX,,scheduled,2024-06-03,rule,https://web.archive.org/web/20240603141738id_/https://www.nyse.com/markets/hours-calendars,,,,"Standard monthly expiration: third Friday, or the preceding business day if that Friday is an exchange holiday (OCC/Cboe)",
2026-10-28,FOMC,14:00,scheduled,2024-08-09,press_release,https://www.federalreserve.gov/newsevents/pressreleases/monetary20240809a.htm,,,,https://www.federalreserve.gov/monetarypolicy/fomccalendars.htm,
2026-11-04,PCE,08:30,scheduled,2026-09-28,schedule_doc,https://www.bea.gov/news/schedule,,,2026-09,https://www.bea.gov/news/schedule,
2026-11-06,NFP,08:30,scheduled,2026-09-02,schedule_doc,https://web.archive.org/web/20260902060325id_/https://www.bls.gov/schedule/news_release/empsit.htm,,,2026-10,https://web.archive.org/web/20260902060325id_/https://www.bls.gov/schedule/news_release/empsit.htm,
2026-11-10,CPI,08:30,scheduled,2026-09-27,schedule_doc,https://web.archive.org/web/20260927020223id_/https://www.bls.gov/schedule/news_release/cpi.htm,,,2026-10,https://web.archive.org/web/20260927020223id_/https://www.bls.gov/schedule/news_release/cpi.htm,
2026-11-20,OPEX,,scheduled,2024-06-03,rule,https://web.archive.org/web/20240603141738id_/https://www.nyse.com/markets/hours-calendars,,,,"Standard monthly expiration: third Friday, or the preceding business day if that Friday is an exchange holiday (OCC/Cboe)",
2026-11-27,EARLY_CLOSE,13:00,scheduled,2024-06-03,schedule_doc,https://web.archive.org/web/20240603141738id_/https://www.nyse.com/markets/hours-calendars,,,,https://web.archive.org/web/20240603141738id_/https://www.nyse.com/markets/hours-calendars,1:00 p.m. ET close (1:15 p.m. for eligible options)
2026-12-02,PCE,08:30,scheduled,2026-09-28,schedule_doc,https://www.bea.gov/news/schedule,,,2026-10,https://www.bea.gov/news/schedule,
2026-12-04,NFP,08:30,scheduled,2026-09-02,schedule_doc,https://web.archive.org/web/20260902060325id_/https://www.bls.gov/schedule/news_release/empsit.htm,,,2026-11,https://web.archive.org/web/20260902060325id_/https://www.bls.gov/schedule/news_release/empsit.htm,
2026-12-09,FOMC,14:00,scheduled,2024-08-09,press_release,https://www.federalreserve.gov/newsevents/pressreleases/monetary20240809a.htm,,,,https://www.federalreserve.gov/monetarypolicy/fomccalendars.htm,SEP meeting
2026-12-10,CPI,08:30,scheduled,2026-09-27,schedule_doc,https://web.archive.org/web/20260927020223id_/https://www.bls.gov/schedule/news_release/cpi.htm,,,2026-11,https://web.archive.org/web/20260927020223id_/https://www.bls.gov/schedule/news_release/cpi.htm,
2026-12-18,OPEX,,scheduled,2024-06-03,rule,https://web.archive.org/web/20240603141738id_/https://www.nyse.com/markets/hours-calendars,,,,"Standard monthly expiration: third Friday, or the preceding business day if that Friday is an exchange holiday (OCC/Cboe)",quarterly; 
2026-12-24,EARLY_CLOSE,13:00,scheduled,2024-06-03,schedule_doc,https://web.archive.org/web/20240603141738id_/https://www.nyse.com/markets/hours-calendars,,,,https://web.archive.org/web/20240603141738id_/https://www.nyse.com/markets/hours-calendars,1:00 p.m. ET close (1:15 p.m. for eligible options)
2026-12-31,QUARTER_END,,scheduled,2024-06-03,rule,https://web.archive.org/web/20240603141738id_/https://www.nyse.com/markets/hours-calendars,,,,Last NYSE session of the calendar quarter,
